date,location,Y
2020-11-01,alabama,6.0
2020-11-01,arizona,29.0
2020-11-01,california,260.0
2020-11-01,colorado,22.0
2020-11-01,connecticut,13.0
2020-11-01,florida,69.0
2020-11-01,georgia,28.0
2020-11-01,illinois,34.0
2020-11-01,indiana,17.0
2020-11-01,iowa,12.0
2020-11-01,kansas,5.0
2020-11-01,kentucky,16.0
2020-11-01,louisiana,11.0
2020-11-01,maryland,16.0
2020-11-01,massachusetts,37.0
2020-11-01,michigan,19.0
2020-11-01,minnesota,8.0
2020-11-01,missouri,11.0
2020-11-01,nebraska,7.0
2020-11-01,nevada,10.0
2020-11-01,new jersey,36.0
2020-11-01,new york,97.0
2020-11-01,north carolina,34.0
2020-11-01,ohio,32.0
2020-11-01,oklahoma,13.0
2020-11-01,oregon,15.0
2020-11-01,pennsylvania,45.0
2020-11-01,south carolina,4.0
2020-11-01,tennessee,11.0
2020-11-01,texas,98.0
2020-11-01,utah,16.0
2020-11-01,virginia,63.0
2020-11-01,washington,35.0
2020-11-01,wisconsin,14.0
2020-11-02,alabama,21.0
2020-11-02,arizona,24.0
2020-11-02,california,331.0
2020-11-02,colorado,24.0
2020-11-02,connecticut,17.0
2020-11-02,florida,72.0
2020-11-02,georgia,43.0
2020-11-02,illinois,78.0
2020-11-02,indiana,23.0
2020-11-02,iowa,13.0
2020-11-02,kansas,7.0
2020-11-02,kentucky,16.0
2020-11-02,louisiana,8.0
2020-11-02,maryland,34.0
2020-11-02,massachusetts,69.0
2020-11-02,michigan,36.0
2020-11-02,minnesota,18.0
2020-11-02,missouri,21.0
2020-11-02,nebraska,11.0
2020-11-02,nevada,8.0
2020-11-02,new jersey,57.0
2020-11-02,new york,124.0
2020-11-02,north carolina,28.0
2020-11-02,ohio,52.0
2020-11-02,oklahoma,5.0
2020-11-02,oregon,20.0
2020-11-02,pennsylvania,63.0
2020-11-02,south carolina,17.0
2020-11-02,tennessee,22.0
2020-11-02,texas,103.0
2020-11-02,utah,15.0
2020-11-02,virginia,103.0
2020-11-02,washington,47.0
2020-11-02,wisconsin,16.0
2020-11-03,alabama,17.0
2020-11-03,arizona,34.0
2020-11-03,california,511.0
2020-11-03,colorado,42.0
2020-11-03,connecticut,27.0
2020-11-03,florida,107.0
2020-11-03,georgia,80.0
2020-11-03,illinois,97.0
2020-11-03,indiana,31.0
2020-11-03,iowa,22.0
2020-11-03,kansas,12.0
2020-11-03,kentucky,14.0
2020-11-03,louisiana,22.0
2020-11-03,maryland,26.0
2020-11-03,massachusetts,98.0
2020-11-03,michigan,71.0
2020-11-03,minnesota,24.0
2020-11-03,missouri,21.0
2020-11-03,nebraska,20.0
2020-11-03,nevada,8.0
2020-11-03,new jersey,67.0
2020-11-03,new york,147.0
2020-11-03,north carolina,67.0
2020-11-03,ohio,57.0
2020-11-03,oklahoma,20.0
2020-11-03,oregon,28.0
2020-11-03,pennsylvania,68.0
2020-11-03,south carolina,24.0
2020-11-03,tennessee,36.0
2020-11-03,texas,158.0
2020-11-03,utah,21.0
2020-11-03,virginia,159.0
2020-11-03,washington,71.0
2020-11-03,wisconsin,30.0
2020-11-04,alabama,19.0
2020-11-04,arizona,38.0
2020-11-04,california,392.0
2020-11-04,colorado,19.0
2020-11-04,connecticut,16.0
2020-11-04,florida,101.0
2020-11-04,georgia,46.0
2020-11-04,illinois,62.0
2020-11-04,indiana,18.0
2020-11-04,iowa,15.0
2020-11-04,kansas,11.0
2020-11-04,kentucky,12.0
2020-11-04,louisiana,7.0
2020-11-04,maryland,35.0
2020-11-04,massachusetts,67.0
2020-11-04,michigan,47.0
2020-11-04,minnesota,29.0
2020-11-04,missouri,28.0
2020-11-04,nebraska,16.0
2020-11-04,nevada,15.0
2020-11-04,new jersey,62.0
2020-11-04,new york,130.0
2020-11-04,north carolina,55.0
2020-11-04,ohio,57.0
2020-11-04,oklahoma,14.0
2020-11-04,oregon,16.0
2020-11-04,pennsylvania,52.0
2020-11-04,south carolina,17.0
2020-11-04,tennessee,26.0
2020-11-04,texas,131.0
2020-11-04,utah,17.0
2020-11-04,virginia,139.0
2020-11-04,washington,46.0
2020-11-04,wisconsin,24.0
2020-11-05,alabama,12.0
2020-11-05,arizona,28.0
2020-11-05,california,338.0
2020-11-05,colorado,32.0
2020-11-05,connecticut,12.0
2020-11-05,florida,83.0
2020-11-05,georgia,51.0
2020-11-05,illinois,87.0
2020-11-05,indiana,22.0
2020-11-05,iowa,12.0
2020-11-05,kansas,13.0
2020-11-05,kentucky,14.0
2020-11-05,louisiana,9.0
2020-11-05,maryland,32.0
2020-11-05,massachusetts,64.0
2020-11-05,michigan,36.0
2020-11-05,minnesota,24.0
2020-11-05,missouri,14.0
2020-11-05,nebraska,11.0
2020-11-05,nevada,7.0
2020-11-05,new jersey,59.0
2020-11-05,new york,98.0
2020-11-05,north carolina,44.0
2020-11-05,ohio,36.0
2020-11-05,oklahoma,12.0
2020-11-05,oregon,17.0
2020-11-05,pennsylvania,56.0
2020-11-05,south carolina,21.0
2020-11-05,tennessee,19.0
2020-11-05,texas,100.0
2020-11-05,utah,13.0
2020-11-05,virginia,107.0
2020-11-05,washington,48.0
2020-11-05,wisconsin,19.0
2020-11-06,alabama,12.0
2020-11-06,arizona,24.0
2020-11-06,california,265.0
2020-11-06,colorado,24.0
2020-11-06,connecticut,10.0
2020-11-06,florida,60.0
2020-11-06,georgia,41.0
2020-11-06,illinois,51.0
2020-11-06,indiana,17.0
2020-11-06,iowa,9.0
2020-11-06,kansas,11.0
2020-11-06,kentucky,12.0
2020-11-06,louisiana,10.0
2020-11-06,maryland,23.0
2020-11-06,massachusetts,60.0
2020-11-06,michigan,49.0
2020-11-06,minnesota,19.0
2020-11-06,missouri,29.0
2020-11-06,nebraska,15.0
2020-11-06,nevada,7.0
2020-11-06,new jersey,46.0
2020-11-06,new york,105.0
2020-11-06,north carolina,30.0
2020-11-06,ohio,48.0
2020-11-06,oklahoma,9.0
2020-11-06,oregon,15.0
2020-11-06,pennsylvania,47.0
2020-11-06,south carolina,14.0
2020-11-06,tennessee,20.0
2020-11-06,texas,109.0
2020-11-06,utah,9.0
2020-11-06,virginia,77.0
2020-11-06,washington,51.0
2020-11-06,wisconsin,27.0
2020-11-07,alabama,6.0
2020-11-07,arizona,19.0
2020-11-07,california,222.0
2020-11-07,colorado,22.0
2020-11-07,connecticut,13.0
2020-11-07,florida,44.0
2020-11-07,georgia,26.0
2020-11-07,illinois,34.0
2020-11-07,indiana,6.0
2020-11-07,iowa,5.0
2020-11-07,kansas,7.0
2020-11-07,kentucky,8.0
2020-11-07,louisiana,12.0
2020-11-07,maryland,14.0
2020-11-07,massachusetts,44.0
2020-11-07,michigan,23.0
2020-11-07,minnesota,10.0
2020-11-07,missouri,8.0
2020-11-07,nebraska,7.0
2020-11-07,nevada,3.0
2020-11-07,new jersey,30.0
2020-11-07,new york,62.0
2020-11-07,north carolina,29.0
2020-11-07,ohio,29.0
2020-11-07,oklahoma,3.0
2020-11-07,oregon,12.0
2020-11-07,pennsylvania,29.0
2020-11-07,south carolina,15.0
2020-11-07,tennessee,13.0
2020-11-07,texas,62.0
2020-11-07,utah,4.0
2020-11-07,virginia,50.0
2020-11-07,washington,36.0
2020-11-07,wisconsin,12.0
2020-11-08,alabama,7.0
2020-11-08,arizona,12.0
2020-11-08,california,173.0
2020-11-08,colorado,20.0
2020-11-08,connecticut,10.0
2020-11-08,florida,54.0
2020-11-08,georgia,38.0
2020-11-08,illinois,26.0
2020-11-08,indiana,8.0
2020-11-08,iowa,9.0
2020-11-08,kansas,8.0
2020-11-08,kentucky,4.0
2020-11-08,louisiana,6.0
2020-11-08,maryland,10.0
2020-11-08,massachusetts,46.0
2020-11-08,michigan,22.0
2020-11-08,minnesota,10.0
2020-11-08,missouri,14.0
2020-11-08,nebraska,4.0
2020-11-08,nevada,6.0
2020-11-08,new jersey,29.0
2020-11-08,new york,51.0
2020-11-08,north carolina,28.0
2020-11-08,ohio,22.0
2020-11-08,oklahoma,7.0
2020-11-08,oregon,14.0
2020-11-08,pennsylvania,21.0
2020-11-08,south carolina,11.0
2020-11-08,tennessee,13.0
2020-11-08,texas,82.0
2020-11-08,utah,12.0
2020-11-08,virginia,57.0
2020-11-08,washington,34.0
2020-11-08,wisconsin,13.0
2020-11-09,alabama,11.0
2020-11-09,arizona,21.0
2020-11-09,california,289.0
2020-11-09,colorado,41.0
2020-11-09,connecticut,19.0
2020-11-09,florida,75.0
2020-11-09,georgia,45.0
2020-11-09,illinois,44.0
2020-11-09,indiana,15.0
2020-11-09,iowa,7.0
2020-11-09,kansas,8.0
2020-11-09,kentucky,12.0
2020-11-09,louisiana,13.0
2020-11-09,maryland,21.0
2020-11-09,massachusetts,82.0
2020-11-09,michigan,31.0
2020-11-09,minnesota,18.0
2020-11-09,missouri,24.0
2020-11-09,nebraska,12.0
2020-11-09,nevada,10.0
2020-11-09,new jersey,48.0
2020-11-09,new york,101.0
2020-11-09,north carolina,27.0
2020-11-09,ohio,39.0
2020-11-09,oklahoma,6.0
2020-11-09,oregon,15.0
2020-11-09,pennsylvania,50.0
2020-11-09,south carolina,17.0
2020-11-09,tennessee,15.0
2020-11-09,texas,93.0
2020-11-09,utah,15.0
2020-11-09,virginia,72.0
2020-11-09,washington,42.0
2020-11-09,wisconsin,16.0
2020-11-10,alabama,10.0
2020-11-10,arizona,19.0
2020-11-10,california,364.0
2020-11-10,colorado,31.0
2020-11-10,connecticut,20.0
2020-11-10,florida,78.0
2020-11-10,georgia,40.0
2020-11-10,illinois,61.0
2020-11-10,indiana,24.0
2020-11-10,iowa,7.0
2020-11-10,kansas,9.0
2020-11-10,kentucky,17.0
2020-11-10,louisiana,16.0
2020-11-10,maryland,24.0
2020-11-10,massachusetts,64.0
2020-11-10,michigan,31.0
2020-11-10,minnesota,21.0
2020-11-10,missouri,17.0
2020-11-10,nebraska,13.0
2020-11-10,nevada,11.0
2020-11-10,new jersey,42.0
2020-11-10,new york,127.0
2020-11-10,north carolina,40.0
2020-11-10,ohio,58.0
2020-11-10,oklahoma,4.0
2020-11-10,oregon,12.0
2020-11-10,pennsylvania,59.0
2020-11-10,south carolina,18.0
2020-11-10,tennessee,17.0
2020-11-10,texas,130.0
2020-11-10,utah,12.0
2020-11-10,virginia,106.0
2020-11-10,washington,54.0
2020-11-10,wisconsin,24.0
2020-11-11,alabama,10.0
2020-11-11,arizona,20.0
2020-11-11,california,367.0
2020-11-11,colorado,19.0
2020-11-11,connecticut,9.0
2020-11-11,florida,88.0
2020-11-11,georgia,37.0
2020-11-11,illinois,53.0
2020-11-11,indiana,24.0
2020-11-11,iowa,10.0
2020-11-11,kansas,13.0
2020-11-11,kentucky,12.0
2020-11-11,louisiana,9.0
2020-11-11,maryland,16.0
2020-11-11,massachusetts,73.0
2020-11-11,michigan,44.0
2020-11-11,minnesota,18.0
2020-11-11,missouri,17.0
2020-11-11,nebraska,7.0
2020-11-11,nevada,16.0
2020-11-11,new jersey,48.0
2020-11-11,new york,111.0
2020-11-11,north carolina,47.0
2020-11-11,ohio,43.0
2020-11-11,oklahoma,12.0
2020-11-11,oregon,21.0
2020-11-11,pennsylvania,59.0
2020-11-11,south carolina,20.0
2020-11-11,tennessee,29.0
2020-11-11,texas,128.0
2020-11-11,utah,15.0
2020-11-11,virginia,94.0
2020-11-11,washington,60.0
2020-11-11,wisconsin,26.0
2020-11-12,alabama,20.0
2020-11-12,arizona,11.0
2020-11-12,california,371.0
2020-11-12,colorado,21.0
2020-11-12,connecticut,16.0
2020-11-12,florida,79.0
2020-11-12,georgia,47.0
2020-11-12,illinois,58.0
2020-11-12,indiana,20.0
2020-11-12,iowa,12.0
2020-11-12,kansas,8.0
2020-11-12,kentucky,12.0
2020-11-12,louisiana,6.0
2020-11-12,maryland,29.0
2020-11-12,massachusetts,71.0
2020-11-12,michigan,41.0
2020-11-12,minnesota,16.0
2020-11-12,missouri,27.0
2020-11-12,nebraska,12.0
2020-11-12,nevada,8.0
2020-11-12,new jersey,47.0
2020-11-12,new york,102.0
2020-11-12,north carolina,30.0
2020-11-12,ohio,42.0
2020-11-12,oklahoma,10.0
2020-11-12,oregon,17.0
2020-11-12,pennsylvania,66.0
2020-11-12,south carolina,16.0
2020-11-12,tennessee,42.0
2020-11-12,texas,129.0
2020-11-12,utah,12.0
2020-11-12,virginia,117.0
2020-11-12,washington,48.0
2020-11-12,wisconsin,22.0
2020-11-13,alabama,22.0
2020-11-13,arizona,21.0
2020-11-13,california,284.0
2020-11-13,colorado,23.0
2020-11-13,connecticut,14.0
2020-11-13,florida,71.0
2020-11-13,georgia,43.0
2020-11-13,illinois,53.0
2020-11-13,indiana,20.0
2020-11-13,iowa,8.0
2020-11-13,kansas,9.0
2020-11-13,kentucky,11.0
2020-11-13,louisiana,7.0
2020-11-13,maryland,23.0
2020-11-13,massachusetts,62.0
2020-11-13,michigan,45.0
2020-11-13,minnesota,12.0
2020-11-13,missouri,20.0
2020-11-13,nebraska,6.0
2020-11-13,nevada,11.0
2020-11-13,new jersey,32.0
2020-11-13,new york,92.0
2020-11-13,north carolina,34.0
2020-11-13,ohio,30.0
2020-11-13,oklahoma,3.0
2020-11-13,oregon,20.0
2020-11-13,pennsylvania,49.0
2020-11-13,south carolina,14.0
2020-11-13,tennessee,40.0
2020-11-13,texas,120.0
2020-11-13,utah,21.0
2020-11-13,virginia,95.0
2020-11-13,washington,51.0
2020-11-13,wisconsin,17.0
2020-11-14,alabama,9.0
2020-11-14,arizona,14.0
2020-11-14,california,221.0
2020-11-14,colorado,7.0
2020-11-14,connecticut,5.0
2020-11-14,florida,40.0
2020-11-14,georgia,30.0
2020-11-14,illinois,35.0
2020-11-14,indiana,8.0
2020-11-14,iowa,3.0
2020-11-14,kansas,5.0
2020-11-14,kentucky,6.0
2020-11-14,louisiana,7.0
2020-11-14,maryland,16.0
2020-11-14,massachusetts,36.0
2020-11-14,michigan,20.0
2020-11-14,minnesota,12.0
2020-11-14,missouri,12.0
2020-11-14,nebraska,3.0
2020-11-14,nevada,8.0
2020-11-14,new jersey,38.0
2020-11-14,new york,60.0
2020-11-14,north carolina,23.0
2020-11-14,ohio,22.0
2020-11-14,oklahoma,5.0
2020-11-14,oregon,3.0
2020-11-14,pennsylvania,32.0
2020-11-14,south carolina,8.0
2020-11-14,tennessee,9.0
2020-11-14,texas,78.0
2020-11-14,utah,14.0
2020-11-14,virginia,76.0
2020-11-14,washington,41.0
2020-11-14,wisconsin,19.0
2020-11-15,alabama,6.0
2020-11-15,arizona,8.0
2020-11-15,california,218.0
2020-11-15,colorado,12.0
2020-11-15,connecticut,5.0
2020-11-15,florida,60.0
2020-11-15,georgia,18.0
2020-11-15,illinois,33.0
2020-11-15,indiana,12.0
2020-11-15,iowa,10.0
2020-11-15,kansas,10.0
2020-11-15,kentucky,7.0
2020-11-15,louisiana,8.0
2020-11-15,maryland,17.0
2020-11-15,massachusetts,49.0
2020-11-15,michigan,18.0
2020-11-15,minnesota,15.0
2020-11-15,missouri,9.0
2020-11-15,nebraska,2.0
2020-11-15,nevada,6.0
2020-11-15,new jersey,22.0
2020-11-15,new york,68.0
2020-11-15,north carolina,19.0
2020-11-15,ohio,27.0
2020-11-15,oklahoma,6.0
2020-11-15,oregon,13.0
2020-11-15,pennsylvania,36.0
2020-11-15,south carolina,12.0
2020-11-15,tennessee,14.0
2020-11-15,texas,78.0
2020-11-15,utah,5.0
2020-11-15,virginia,52.0
2020-11-15,washington,24.0
2020-11-15,wisconsin,18.0
2020-11-16,alabama,9.0
2020-11-16,arizona,25.0
2020-11-16,california,343.0
2020-11-16,colorado,30.0
2020-11-16,connecticut,13.0
2020-11-16,florida,64.0
2020-11-16,georgia,52.0
2020-11-16,illinois,77.0
2020-11-16,indiana,28.0
2020-11-16,iowa,12.0
2020-11-16,kansas,12.0
2020-11-16,kentucky,12.0
2020-11-16,louisiana,10.0
2020-11-16,maryland,21.0
2020-11-16,massachusetts,46.0
2020-11-16,michigan,37.0
2020-11-16,minnesota,16.0
2020-11-16,missouri,24.0
2020-11-16,nebraska,5.0
2020-11-16,nevada,9.0
2020-11-16,new jersey,45.0
2020-11-16,new york,98.0
2020-11-16,north carolina,34.0
2020-11-16,ohio,28.0
2020-11-16,oklahoma,17.0
2020-11-16,oregon,24.0
2020-11-16,pennsylvania,64.0
2020-11-16,south carolina,17.0
2020-11-16,tennessee,24.0
2020-11-16,texas,120.0
2020-11-16,utah,20.0
2020-11-16,virginia,108.0
2020-11-16,washington,45.0
2020-11-16,wisconsin,15.0
2020-11-17,alabama,17.0
2020-11-17,arizona,33.0
2020-11-17,california,364.0
2020-11-17,colorado,42.0
2020-11-17,connecticut,13.0
2020-11-17,florida,87.0
2020-11-17,georgia,44.0
2020-11-17,illinois,60.0
2020-11-17,indiana,19.0
2020-11-17,iowa,9.0
2020-11-17,kansas,12.0
2020-11-17,kentucky,20.0
2020-11-17,louisiana,10.0
2020-11-17,maryland,38.0
2020-11-17,massachusetts,66.0
2020-11-17,michigan,49.0
2020-11-17,minnesota,25.0
2020-11-17,missouri,40.0
2020-11-17,nebraska,10.0
2020-11-17,nevada,11.0
2020-11-17,new jersey,60.0
2020-11-17,new york,123.0
2020-11-17,north carolina,43.0
2020-11-17,ohio,37.0
2020-11-17,oklahoma,15.0
2020-11-17,oregon,22.0
2020-11-17,pennsylvania,62.0
2020-11-17,south carolina,10.0
2020-11-17,tennessee,18.0
2020-11-17,texas,140.0
2020-11-17,utah,17.0
2020-11-17,virginia,112.0
2020-11-17,washington,49.0
2020-11-17,wisconsin,31.0
2020-11-18,alabama,18.0
2020-11-18,arizona,25.0
2020-11-18,california,390.0
2020-11-18,colorado,22.0
2020-11-18,connecticut,17.0
2020-11-18,florida,92.0
2020-11-18,georgia,49.0
2020-11-18,illinois,79.0
2020-11-18,indiana,13.0
2020-11-18,iowa,12.0
2020-11-18,kansas,6.0
2020-11-18,kentucky,16.0
2020-11-18,louisiana,9.0
2020-11-18,maryland,26.0
2020-11-18,massachusetts,69.0
2020-11-18,michigan,49.0
2020-11-18,minnesota,21.0
2020-11-18,missouri,24.0
2020-11-18,nebraska,16.0
2020-11-18,nevada,6.0
2020-11-18,new jersey,39.0
2020-11-18,new york,124.0
2020-11-18,north carolina,54.0
2020-11-18,ohio,54.0
2020-11-18,oklahoma,18.0
2020-11-18,oregon,26.0
2020-11-18,pennsylvania,60.0
2020-11-18,south carolina,24.0
2020-11-18,tennessee,30.0
2020-11-18,texas,145.0
2020-11-18,utah,20.0
2020-11-18,virginia,112.0
2020-11-18,washington,63.0
2020-11-18,wisconsin,21.0
2020-11-19,alabama,15.0
2020-11-19,arizona,28.0
2020-11-19,california,351.0
2020-11-19,colorado,31.0
2020-11-19,connecticut,20.0
2020-11-19,florida,66.0
2020-11-19,georgia,45.0
2020-11-19,illinois,76.0
2020-11-19,indiana,23.0
2020-11-19,iowa,12.0
2020-11-19,kansas,16.0
2020-11-19,kentucky,12.0
2020-11-19,louisiana,8.0
2020-11-19,maryland,30.0
2020-11-19,massachusetts,79.0
2020-11-19,michigan,60.0
2020-11-19,minnesota,27.0
2020-11-19,missouri,32.0
2020-11-19,nebraska,10.0
2020-11-19,nevada,16.0
2020-11-19,new jersey,69.0
2020-11-19,new york,126.0
2020-11-19,north carolina,35.0
2020-11-19,ohio,30.0
2020-11-19,oklahoma,19.0
2020-11-19,oregon,25.0
2020-11-19,pennsylvania,44.0
2020-11-19,south carolina,17.0
2020-11-19,tennessee,21.0
2020-11-19,texas,145.0
2020-11-19,utah,18.0
2020-11-19,virginia,91.0
2020-11-19,washington,55.0
2020-11-19,wisconsin,20.0
2020-11-20,alabama,17.0
2020-11-20,arizona,24.0
2020-11-20,california,384.0
2020-11-20,colorado,30.0
2020-11-20,connecticut,23.0
2020-11-20,florida,83.0
2020-11-20,georgia,44.0
2020-11-20,illinois,74.0
2020-11-20,indiana,32.0
2020-11-20,iowa,22.0
2020-11-20,kansas,9.0
2020-11-20,kentucky,13.0
2020-11-20,louisiana,20.0
2020-11-20,maryland,30.0
2020-11-20,massachusetts,67.0
2020-11-20,michigan,39.0
2020-11-20,minnesota,23.0
2020-11-20,missouri,33.0
2020-11-20,nebraska,11.0
2020-11-20,nevada,14.0
2020-11-20,new jersey,71.0
2020-11-20,new york,104.0
2020-11-20,north carolina,38.0
2020-11-20,ohio,45.0
2020-11-20,oklahoma,12.0
2020-11-20,oregon,27.0
2020-11-20,pennsylvania,62.0
2020-11-20,south carolina,15.0
2020-11-20,tennessee,28.0
2020-11-20,texas,157.0
2020-11-20,utah,18.0
2020-11-20,virginia,134.0
2020-11-20,washington,47.0
2020-11-20,wisconsin,20.0
2020-11-21,alabama,10.0
2020-11-21,arizona,29.0
2020-11-21,california,311.0
2020-11-21,colorado,28.0
2020-11-21,connecticut,6.0
2020-11-21,florida,75.0
2020-11-21,georgia,44.0
2020-11-21,illinois,51.0
2020-11-21,indiana,22.0
2020-11-21,iowa,10.0
2020-11-21,kansas,12.0
2020-11-21,kentucky,9.0
2020-11-21,louisiana,6.0
2020-11-21,maryland,18.0
2020-11-21,massachusetts,64.0
2020-11-21,michigan,25.0
2020-11-21,minnesota,14.0
2020-11-21,missouri,22.0
2020-11-21,nebraska,2.0
2020-11-21,nevada,3.0
2020-11-21,new jersey,60.0
2020-11-21,new york,94.0
2020-11-21,north carolina,36.0
2020-11-21,ohio,33.0
2020-11-21,oklahoma,6.0
2020-11-21,oregon,27.0
2020-11-21,pennsylvania,34.0
2020-11-21,south carolina,8.0
2020-11-21,tennessee,24.0
2020-11-21,texas,94.0
2020-11-21,utah,9.0
2020-11-21,virginia,99.0
2020-11-21,washington,35.0
2020-11-21,wisconsin,17.0
2020-11-22,alabama,9.0
2020-11-22,arizona,6.0
2020-11-22,california,227.0
2020-11-22,colorado,22.0
2020-11-22,connecticut,15.0
2020-11-22,florida,58.0
2020-11-22,georgia,24.0
2020-11-22,illinois,59.0
2020-11-22,indiana,14.0
2020-11-22,iowa,8.0
2020-11-22,kansas,16.0
2020-11-22,kentucky,6.0
2020-11-22,louisiana,5.0
2020-11-22,maryland,11.0
2020-11-22,massachusetts,38.0
2020-11-22,michigan,33.0
2020-11-22,minnesota,8.0
2020-11-22,missouri,15.0
2020-11-22,nebraska,13.0
2020-11-22,nevada,10.0
2020-11-22,new jersey,41.0
2020-11-22,new york,78.0
2020-11-22,north carolina,27.0
2020-11-22,ohio,25.0
2020-11-22,oklahoma,10.0
2020-11-22,oregon,11.0
2020-11-22,pennsylvania,40.0
2020-11-22,south carolina,7.0
2020-11-22,tennessee,21.0
2020-11-22,texas,72.0
2020-11-22,utah,10.0
2020-11-22,virginia,101.0
2020-11-22,washington,38.0
2020-11-22,wisconsin,24.0
2020-11-23,alabama,7.0
2020-11-23,arizona,21.0
2020-11-23,california,381.0
2020-11-23,colorado,33.0
2020-11-23,connecticut,13.0
2020-11-23,florida,84.0
2020-11-23,georgia,47.0
2020-11-23,illinois,59.0
2020-11-23,indiana,25.0
2020-11-23,iowa,10.0
2020-11-23,kansas,14.0
2020-11-23,kentucky,10.0
2020-11-23,louisiana,11.0
2020-11-23,maryland,27.0
2020-11-23,massachusetts,75.0
2020-11-23,michigan,57.0
2020-11-23,minnesota,8.0
2020-11-23,missouri,20.0
2020-11-23,nebraska,12.0
2020-11-23,nevada,16.0
2020-11-23,new jersey,62.0
2020-11-23,new york,126.0
2020-11-23,north carolina,39.0
2020-11-23,ohio,37.0
2020-11-23,oklahoma,14.0
2020-11-23,oregon,31.0
2020-11-23,pennsylvania,41.0
2020-11-23,south carolina,13.0
2020-11-23,tennessee,25.0
2020-11-23,texas,119.0
2020-11-23,utah,13.0
2020-11-23,virginia,109.0
2020-11-23,washington,41.0
2020-11-23,wisconsin,24.0
2020-11-24,alabama,7.0
2020-11-24,arizona,27.0
2020-11-24,california,403.0
2020-11-24,colorado,23.0
2020-11-24,connecticut,20.0
2020-11-24,florida,95.0
2020-11-24,georgia,61.0
2020-11-24,illinois,75.0
2020-11-24,indiana,26.0
2020-11-24,iowa,11.0
2020-11-24,kansas,13.0
2020-11-24,kentucky,11.0
2020-11-24,louisiana,10.0
2020-11-24,maryland,28.0
2020-11-24,massachusetts,79.0
2020-11-24,michigan,48.0
2020-11-24,minnesota,24.0
2020-11-24,missouri,30.0
2020-11-24,nebraska,15.0
2020-11-24,nevada,17.0
2020-11-24,new jersey,67.0
2020-11-24,new york,131.0
2020-11-24,north carolina,59.0
2020-11-24,ohio,51.0
2020-11-24,oklahoma,15.0
2020-11-24,oregon,23.0
2020-11-24,pennsylvania,63.0
2020-11-24,south carolina,13.0
2020-11-24,tennessee,26.0
2020-11-24,texas,157.0
2020-11-24,utah,23.0
2020-11-24,virginia,127.0
2020-11-24,washington,67.0
2020-11-24,wisconsin,21.0
2020-11-25,alabama,19.0
2020-11-25,arizona,25.0
2020-11-25,california,466.0
2020-11-25,colorado,26.0
2020-11-25,connecticut,14.0
2020-11-25,florida,87.0
2020-11-25,georgia,66.0
2020-11-25,illinois,79.0
2020-11-25,indiana,23.0
2020-11-25,iowa,13.0
2020-11-25,kansas,12.0
2020-11-25,kentucky,22.0
2020-11-25,louisiana,16.0
2020-11-25,maryland,26.0
2020-11-25,massachusetts,86.0
2020-11-25,michigan,47.0
2020-11-25,minnesota,21.0
2020-11-25,missouri,30.0
2020-11-25,nebraska,8.0
2020-11-25,nevada,12.0
2020-11-25,new jersey,49.0
2020-11-25,new york,145.0
2020-11-25,north carolina,53.0
2020-11-25,ohio,53.0
2020-11-25,oklahoma,11.0
2020-11-25,oregon,22.0
2020-11-25,pennsylvania,57.0
2020-11-25,south carolina,13.0
2020-11-25,tennessee,34.0
2020-11-25,texas,150.0
2020-11-25,utah,17.0
2020-11-25,virginia,145.0
2020-11-25,washington,56.0
2020-11-25,wisconsin,33.0
2020-11-26,alabama,17.0
2020-11-26,arizona,23.0
2020-11-26,california,382.0
2020-11-26,colorado,26.0
2020-11-26,connecticut,18.0
2020-11-26,florida,73.0
2020-11-26,georgia,53.0
2020-11-26,illinois,72.0
2020-11-26,indiana,17.0
2020-11-26,iowa,9.0
2020-11-26,kansas,13.0
2020-11-26,kentucky,13.0
2020-11-26,louisiana,12.0
2020-11-26,maryland,21.0
2020-11-26,massachusetts,87.0
2020-11-26,michigan,48.0
2020-11-26,minnesota,24.0
2020-11-26,missouri,24.0
2020-11-26,nebraska,13.0
2020-11-26,nevada,14.0
2020-11-26,new jersey,62.0
2020-11-26,new york,104.0
2020-11-26,north carolina,54.0
2020-11-26,ohio,35.0
2020-11-26,oklahoma,14.0
2020-11-26,oregon,24.0
2020-11-26,pennsylvania,55.0
2020-11-26,south carolina,15.0
2020-11-26,tennessee,26.0
2020-11-26,texas,151.0
2020-11-26,utah,26.0
2020-11-26,virginia,86.0
2020-11-26,washington,49.0
2020-11-26,wisconsin,23.0
2020-11-27,alabama,19.0
2020-11-27,arizona,21.0
2020-11-27,california,380.0
2020-11-27,colorado,29.0
2020-11-27,connecticut,17.0
2020-11-27,florida,70.0
2020-11-27,georgia,57.0
2020-11-27,illinois,63.0
2020-11-27,indiana,24.0
2020-11-27,iowa,18.0
2020-11-27,kansas,14.0
2020-11-27,kentucky,11.0
2020-11-27,louisiana,6.0
2020-11-27,maryland,20.0
2020-11-27,massachusetts,81.0
2020-11-27,michigan,50.0
2020-11-27,minnesota,19.0
2020-11-27,missouri,18.0
2020-11-27,nebraska,8.0
2020-11-27,nevada,17.0
2020-11-27,new jersey,55.0
2020-11-27,new york,145.0
2020-11-27,north carolina,47.0
2020-11-27,ohio,27.0
2020-11-27,oklahoma,19.0
2020-11-27,oregon,12.0
2020-11-27,pennsylvania,61.0
2020-11-27,south carolina,17.0
2020-11-27,tennessee,25.0
2020-11-27,texas,148.0
2020-11-27,utah,20.0
2020-11-27,virginia,120.0
2020-11-27,washington,42.0
2020-11-27,wisconsin,19.0
2020-11-28,alabama,16.0
2020-11-28,arizona,24.0
2020-11-28,california,352.0
2020-11-28,colorado,35.0
2020-11-28,connecticut,11.0
2020-11-28,florida,62.0
2020-11-28,georgia,37.0
2020-11-28,illinois,59.0
2020-11-28,indiana,14.0
2020-11-28,iowa,19.0
2020-11-28,kansas,10.0
2020-11-28,kentucky,10.0
2020-11-28,louisiana,14.0
2020-11-28,maryland,26.0
2020-11-28,massachusetts,63.0
2020-11-28,michigan,37.0
2020-11-28,minnesota,17.0
2020-11-28,missouri,26.0
2020-11-28,nebraska,6.0
2020-11-28,nevada,13.0
2020-11-28,new jersey,42.0
2020-11-28,new york,82.0
2020-11-28,north carolina,32.0
2020-11-28,ohio,42.0
2020-11-28,oklahoma,8.0
2020-11-28,oregon,21.0
2020-11-28,pennsylvania,47.0
2020-11-28,south carolina,12.0
2020-11-28,tennessee,26.0
2020-11-28,texas,98.0
2020-11-28,utah,16.0
2020-11-28,virginia,86.0
2020-11-28,washington,48.0
2020-11-28,wisconsin,17.0
2020-11-29,alabama,19.0
2020-11-29,arizona,21.0
2020-11-29,california,319.0
2020-11-29,colorado,21.0
2020-11-29,connecticut,21.0
2020-11-29,florida,62.0
2020-11-29,georgia,34.0
2020-11-29,illinois,46.0
2020-11-29,indiana,12.0
2020-11-29,iowa,7.0
2020-11-29,kansas,10.0
2020-11-29,kentucky,11.0
2020-11-29,louisiana,11.0
2020-11-29,maryland,24.0
2020-11-29,massachusetts,68.0
2020-11-29,michigan,30.0
2020-11-29,minnesota,17.0
2020-11-29,missouri,10.0
2020-11-29,nebraska,11.0
2020-11-29,nevada,9.0
2020-11-29,new jersey,39.0
2020-11-29,new york,101.0
2020-11-29,north carolina,34.0
2020-11-29,ohio,33.0
2020-11-29,oklahoma,5.0
2020-11-29,oregon,24.0
2020-11-29,pennsylvania,36.0
2020-11-29,south carolina,16.0
2020-11-29,tennessee,18.0
2020-11-29,texas,93.0
2020-11-29,utah,13.0
2020-11-29,virginia,112.0
2020-11-29,washington,36.0
2020-11-29,wisconsin,20.0
2020-11-30,alabama,23.0
2020-11-30,arizona,24.0
2020-11-30,california,445.0
2020-11-30,colorado,36.0
2020-11-30,connecticut,21.0
2020-11-30,florida,95.0
2020-11-30,georgia,41.0
2020-11-30,illinois,72.0
2020-11-30,indiana,21.0
2020-11-30,iowa,27.0
2020-11-30,kansas,10.0
2020-11-30,kentucky,22.0
2020-11-30,louisiana,19.0
2020-11-30,maryland,17.0
2020-11-30,massachusetts,69.0
2020-11-30,michigan,53.0
2020-11-30,minnesota,26.0
2020-11-30,missouri,27.0
2020-11-30,nebraska,11.0
2020-11-30,nevada,10.0
2020-11-30,new jersey,61.0
2020-11-30,new york,136.0
2020-11-30,north carolina,64.0
2020-11-30,ohio,39.0
2020-11-30,oklahoma,11.0
2020-11-30,oregon,28.0
2020-11-30,pennsylvania,65.0
2020-11-30,south carolina,21.0
2020-11-30,tennessee,34.0
2020-11-30,texas,152.0
2020-11-30,utah,7.0
2020-11-30,virginia,130.0
2020-11-30,washington,48.0
2020-11-30,wisconsin,27.0
2020-12-01,alabama,23.0
2020-12-01,arizona,29.0
2020-12-01,california,467.0
2020-12-01,colorado,34.0
2020-12-01,connecticut,25.0
2020-12-01,florida,119.0
2020-12-01,georgia,74.0
2020-12-01,illinois,75.0
2020-12-01,indiana,30.0
2020-12-01,iowa,19.0
2020-12-01,kansas,15.0
2020-12-01,kentucky,17.0
2020-12-01,louisiana,19.0
2020-12-01,maryland,22.0
2020-12-01,massachusetts,75.0
2020-12-01,michigan,38.0
2020-12-01,minnesota,22.0
2020-12-01,missouri,30.0
2020-12-01,nebraska,10.0
2020-12-01,nevada,7.0
2020-12-01,new jersey,57.0
2020-12-01,new york,146.0
2020-12-01,north carolina,48.0
2020-12-01,ohio,54.0
2020-12-01,oklahoma,16.0
2020-12-01,oregon,33.0
2020-12-01,pennsylvania,69.0
2020-12-01,south carolina,20.0
2020-12-01,tennessee,36.0
2020-12-01,texas,173.0
2020-12-01,utah,18.0
2020-12-01,virginia,152.0
2020-12-01,washington,52.0
2020-12-01,wisconsin,34.0
2020-12-02,alabama,16.0
2020-12-02,arizona,32.0
2020-12-02,california,395.0
2020-12-02,colorado,29.0
2020-12-02,connecticut,26.0
2020-12-02,florida,102.0
2020-12-02,georgia,57.0
2020-12-02,illinois,80.0
2020-12-02,indiana,29.0
2020-12-02,iowa,9.0
2020-12-02,kansas,13.0
2020-12-02,kentucky,29.0
2020-12-02,louisiana,10.0
2020-12-02,maryland,28.0
2020-12-02,massachusetts,92.0
2020-12-02,michigan,59.0
2020-12-02,minnesota,12.0
2020-12-02,missouri,25.0
2020-12-02,nebraska,19.0
2020-12-02,nevada,12.0
2020-12-02,new jersey,54.0
2020-12-02,new york,134.0
2020-12-02,north carolina,61.0
2020-12-02,ohio,64.0
2020-12-02,oklahoma,18.0
2020-12-02,oregon,18.0
2020-12-02,pennsylvania,71.0
2020-12-02,south carolina,27.0
2020-12-02,tennessee,25.0
2020-12-02,texas,154.0
2020-12-02,utah,20.0
2020-12-02,virginia,135.0
2020-12-02,washington,72.0
2020-12-02,wisconsin,23.0
2020-12-03,alabama,15.0
2020-12-03,arizona,29.0
2020-12-03,california,494.0
2020-12-03,colorado,28.0
2020-12-03,connecticut,25.0
2020-12-03,florida,117.0
2020-12-03,georgia,55.0
2020-12-03,illinois,101.0
2020-12-03,indiana,45.0
2020-12-03,iowa,20.0
2020-12-03,kansas,21.0
2020-12-03,kentucky,15.0
2020-12-03,louisiana,13.0
2020-12-03,maryland,30.0
2020-12-03,massachusetts,93.0
2020-12-03,michigan,57.0
2020-12-03,minnesota,34.0
2020-12-03,missouri,25.0
2020-12-03,nebraska,11.0
2020-12-03,nevada,14.0
2020-12-03,new jersey,76.0
2020-12-03,new york,158.0
2020-12-03,north carolina,60.0
2020-12-03,ohio,73.0
2020-12-03,oklahoma,10.0
2020-12-03,oregon,24.0
2020-12-03,pennsylvania,59.0
2020-12-03,south carolina,13.0
2020-12-03,tennessee,39.0
2020-12-03,texas,146.0
2020-12-03,utah,27.0
2020-12-03,virginia,170.0
2020-12-03,washington,67.0
2020-12-03,wisconsin,33.0
2020-12-04,alabama,20.0
2020-12-04,arizona,29.0
2020-12-04,california,434.0
2020-12-04,colorado,38.0
2020-12-04,connecticut,25.0
2020-12-04,florida,91.0
2020-12-04,georgia,65.0
2020-12-04,illinois,85.0
2020-12-04,indiana,27.0
2020-12-04,iowa,18.0
2020-12-04,kansas,20.0
2020-12-04,kentucky,15.0
2020-12-04,louisiana,10.0
2020-12-04,maryland,25.0
2020-12-04,massachusetts,81.0
2020-12-04,michigan,47.0
2020-12-04,minnesota,13.0
2020-12-04,missouri,28.0
2020-12-04,nebraska,18.0
2020-12-04,nevada,8.0
2020-12-04,new jersey,40.0
2020-12-04,new york,147.0
2020-12-04,north carolina,47.0
2020-12-04,ohio,48.0
2020-12-04,oklahoma,13.0
2020-12-04,oregon,28.0
2020-12-04,pennsylvania,50.0
2020-12-04,south carolina,19.0
2020-12-04,tennessee,28.0
2020-12-04,texas,146.0
2020-12-04,utah,14.0
2020-12-04,virginia,136.0
2020-12-04,washington,73.0
2020-12-04,wisconsin,26.0
2020-12-05,alabama,24.0
2020-12-05,arizona,30.0
2020-12-05,california,313.0
2020-12-05,colorado,25.0
2020-12-05,connecticut,15.0
2020-12-05,florida,58.0
2020-12-05,georgia,37.0
2020-12-05,illinois,64.0
2020-12-05,indiana,18.0
2020-12-05,iowa,5.0
2020-12-05,kansas,9.0
2020-12-05,kentucky,12.0
2020-12-05,louisiana,13.0
2020-12-05,maryland,25.0
2020-12-05,massachusetts,56.0
2020-12-05,michigan,38.0
2020-12-05,minnesota,10.0
2020-12-05,missouri,19.0
2020-12-05,nebraska,6.0
2020-12-05,nevada,15.0
2020-12-05,new jersey,39.0
2020-12-05,new york,105.0
2020-12-05,north carolina,28.0
2020-12-05,ohio,37.0
2020-12-05,oklahoma,15.0
2020-12-05,oregon,11.0
2020-12-05,pennsylvania,53.0
2020-12-05,south carolina,14.0
2020-12-05,tennessee,21.0
2020-12-05,texas,112.0
2020-12-05,utah,12.0
2020-12-05,virginia,99.0
2020-12-05,washington,48.0
2020-12-05,wisconsin,17.0
2020-12-06,alabama,26.0
2020-12-06,arizona,14.0
2020-12-06,california,314.0
2020-12-06,colorado,24.0
2020-12-06,connecticut,17.0
2020-12-06,florida,48.0
2020-12-06,georgia,51.0
2020-12-06,illinois,60.0
2020-12-06,indiana,20.0
2020-12-06,iowa,2.0
2020-12-06,kansas,10.0
2020-12-06,kentucky,14.0
2020-12-06,louisiana,3.0
2020-12-06,maryland,20.0
2020-12-06,massachusetts,61.0
2020-12-06,michigan,35.0
2020-12-06,minnesota,24.0
2020-12-06,missouri,14.0
2020-12-06,nebraska,8.0
2020-12-06,nevada,5.0
2020-12-06,new jersey,32.0
2020-12-06,new york,83.0
2020-12-06,north carolina,38.0
2020-12-06,ohio,44.0
2020-12-06,oklahoma,12.0
2020-12-06,oregon,22.0
2020-12-06,pennsylvania,52.0
2020-12-06,south carolina,15.0
2020-12-06,tennessee,27.0
2020-12-06,texas,118.0
2020-12-06,utah,17.0
2020-12-06,virginia,96.0
2020-12-06,washington,40.0
2020-12-06,wisconsin,20.0
2020-12-07,alabama,28.0
2020-12-07,arizona,34.0
2020-12-07,california,540.0
2020-12-07,colorado,38.0
2020-12-07,connecticut,19.0
2020-12-07,florida,96.0
2020-12-07,georgia,63.0
2020-12-07,illinois,85.0
2020-12-07,indiana,30.0
2020-12-07,iowa,13.0
2020-12-07,kansas,19.0
2020-12-07,kentucky,20.0
2020-12-07,louisiana,11.0
2020-12-07,maryland,45.0
2020-12-07,massachusetts,98.0
2020-12-07,michigan,33.0
2020-12-07,minnesota,23.0
2020-12-07,missouri,36.0
2020-12-07,nebraska,15.0
2020-12-07,nevada,12.0
2020-12-07,new jersey,64.0
2020-12-07,new york,162.0
2020-12-07,north carolina,56.0
2020-12-07,ohio,52.0
2020-12-07,oklahoma,12.0
2020-12-07,oregon,24.0
2020-12-07,pennsylvania,80.0
2020-12-07,south carolina,19.0
2020-12-07,tennessee,38.0
2020-12-07,texas,170.0
2020-12-07,utah,26.0
2020-12-07,virginia,153.0
2020-12-07,washington,64.0
2020-12-07,wisconsin,24.0
2020-12-08,alabama,28.0
2020-12-08,arizona,45.0
2020-12-08,california,725.0
2020-12-08,colorado,64.0
2020-12-08,connecticut,22.0
2020-12-08,florida,159.0
2020-12-08,georgia,93.0
2020-12-08,illinois,116.0
2020-12-08,indiana,49.0
2020-12-08,iowa,16.0
2020-12-08,kansas,28.0
2020-12-08,kentucky,25.0
2020-12-08,louisiana,19.0
2020-12-08,maryland,46.0
2020-12-08,massachusetts,122.0
2020-12-08,michigan,79.0
2020-12-08,minnesota,35.0
2020-12-08,missouri,45.0
2020-12-08,nebraska,18.0
2020-12-08,nevada,26.0
2020-12-08,new jersey,91.0
2020-12-08,new york,220.0
2020-12-08,north carolina,97.0
2020-12-08,ohio,80.0
2020-12-08,oklahoma,19.0
2020-12-08,oregon,39.0
2020-12-08,pennsylvania,114.0
2020-12-08,south carolina,34.0
2020-12-08,tennessee,50.0
2020-12-08,texas,219.0
2020-12-08,utah,31.0
2020-12-08,virginia,212.0
2020-12-08,washington,102.0
2020-12-08,wisconsin,35.0
2020-12-09,alabama,36.0
2020-12-09,arizona,33.0
2020-12-09,california,557.0
2020-12-09,colorado,58.0
2020-12-09,connecticut,21.0
2020-12-09,florida,132.0
2020-12-09,georgia,84.0
2020-12-09,illinois,101.0
2020-12-09,indiana,44.0
2020-12-09,iowa,10.0
2020-12-09,kansas,23.0
2020-12-09,kentucky,20.0
2020-12-09,louisiana,20.0
2020-12-09,maryland,46.0
2020-12-09,massachusetts,92.0
2020-12-09,michigan,63.0
2020-12-09,minnesota,31.0
2020-12-09,missouri,46.0
2020-12-09,nebraska,14.0
2020-12-09,nevada,23.0
2020-12-09,new jersey,83.0
2020-12-09,new york,208.0
2020-12-09,north carolina,72.0
2020-12-09,ohio,86.0
2020-12-09,oklahoma,19.0
2020-12-09,oregon,35.0
2020-12-09,pennsylvania,91.0
2020-12-09,south carolina,16.0
2020-12-09,tennessee,44.0
2020-12-09,texas,197.0
2020-12-09,utah,25.0
2020-12-09,virginia,203.0
2020-12-09,washington,88.0
2020-12-09,wisconsin,30.0
2020-12-10,alabama,24.0
2020-12-10,arizona,41.0
2020-12-10,california,582.0
2020-12-10,colorado,43.0
2020-12-10,connecticut,31.0
2020-12-10,florida,119.0
2020-12-10,georgia,86.0
2020-12-10,illinois,94.0
2020-12-10,indiana,43.0
2020-12-10,iowa,13.0
2020-12-10,kansas,22.0
2020-12-10,kentucky,22.0
2020-12-10,louisiana,19.0
2020-12-10,maryland,49.0
2020-12-10,massachusetts,101.0
2020-12-10,michigan,66.0
2020-12-10,minnesota,28.0
2020-12-10,missouri,32.0
2020-12-10,nebraska,13.0
2020-12-10,nevada,17.0
2020-12-10,new jersey,62.0
2020-12-10,new york,162.0
2020-12-10,north carolina,67.0
2020-12-10,ohio,76.0
2020-12-10,oklahoma,19.0
2020-12-10,oregon,30.0
2020-12-10,pennsylvania,91.0
2020-12-10,south carolina,24.0
2020-12-10,tennessee,42.0
2020-12-10,texas,172.0
2020-12-10,utah,24.0
2020-12-10,virginia,170.0
2020-12-10,washington,75.0
2020-12-10,wisconsin,21.0
2020-12-11,alabama,22.0
2020-12-11,arizona,36.0
2020-12-11,california,508.0
2020-12-11,colorado,56.0
2020-12-11,connecticut,22.0
2020-12-11,florida,106.0
2020-12-11,georgia,61.0
2020-12-11,illinois,89.0
2020-12-11,indiana,22.0
2020-12-11,iowa,17.0
2020-12-11,kansas,26.0
2020-12-11,kentucky,6.0
2020-12-11,louisiana,18.0
2020-12-11,maryland,40.0
2020-12-11,massachusetts,92.0
2020-12-11,michigan,60.0
2020-12-11,minnesota,35.0
2020-12-11,missouri,36.0
2020-12-11,nebraska,15.0
2020-12-11,nevada,18.0
2020-12-11,new jersey,63.0
2020-12-11,new york,157.0
2020-12-11,north carolina,61.0
2020-12-11,ohio,66.0
2020-12-11,oklahoma,23.0
2020-12-11,oregon,27.0
2020-12-11,pennsylvania,82.0
2020-12-11,south carolina,23.0
2020-12-11,tennessee,30.0
2020-12-11,texas,201.0
2020-12-11,utah,18.0
2020-12-11,virginia,185.0
2020-12-11,washington,82.0
2020-12-11,wisconsin,34.0
2020-12-12,alabama,16.0
2020-12-12,arizona,29.0
2020-12-12,california,408.0
2020-12-12,colorado,33.0
2020-12-12,connecticut,19.0
2020-12-12,florida,76.0
2020-12-12,georgia,34.0
2020-12-12,illinois,69.0
2020-12-12,indiana,21.0
2020-12-12,iowa,16.0
2020-12-12,kansas,13.0
2020-12-12,kentucky,11.0
2020-12-12,louisiana,11.0
2020-12-12,maryland,23.0
2020-12-12,massachusetts,66.0
2020-12-12,michigan,43.0
2020-12-12,minnesota,19.0
2020-12-12,missouri,24.0
2020-12-12,nebraska,13.0
2020-12-12,nevada,5.0
2020-12-12,new jersey,71.0
2020-12-12,new york,119.0
2020-12-12,north carolina,44.0
2020-12-12,ohio,41.0
2020-12-12,oklahoma,17.0
2020-12-12,oregon,16.0
2020-12-12,pennsylvania,43.0
2020-12-12,south carolina,19.0
2020-12-12,tennessee,25.0
2020-12-12,texas,138.0
2020-12-12,utah,13.0
2020-12-12,virginia,132.0
2020-12-12,washington,56.0
2020-12-12,wisconsin,32.0
2020-12-13,alabama,21.0
2020-12-13,arizona,21.0
2020-12-13,california,315.0
2020-12-13,colorado,30.0
2020-12-13,connecticut,11.0
2020-12-13,florida,62.0
2020-12-13,georgia,28.0
2020-12-13,illinois,59.0
2020-12-13,indiana,13.0
2020-12-13,iowa,14.0
2020-12-13,kansas,17.0
2020-12-13,kentucky,15.0
2020-12-13,louisiana,23.0
2020-12-13,maryland,30.0
2020-12-13,massachusetts,65.0
2020-12-13,michigan,54.0
2020-12-13,minnesota,13.0
2020-12-13,missouri,22.0
2020-12-13,nebraska,13.0
2020-12-13,nevada,11.0
2020-12-13,new jersey,44.0
2020-12-13,new york,105.0
2020-12-13,north carolina,36.0
2020-12-13,ohio,39.0
2020-12-13,oklahoma,7.0
2020-12-13,oregon,10.0
2020-12-13,pennsylvania,50.0
2020-12-13,south carolina,10.0
2020-12-13,tennessee,17.0
2020-12-13,texas,93.0
2020-12-13,utah,23.0
2020-12-13,virginia,113.0
2020-12-13,washington,40.0
2020-12-13,wisconsin,15.0
2020-12-14,alabama,24.0
2020-12-14,arizona,27.0
2020-12-14,california,444.0
2020-12-14,colorado,50.0
2020-12-14,connecticut,20.0
2020-12-14,florida,97.0
2020-12-14,georgia,58.0
2020-12-14,illinois,89.0
2020-12-14,indiana,30.0
2020-12-14,iowa,25.0
2020-12-14,kansas,9.0
2020-12-14,kentucky,16.0
2020-12-14,louisiana,17.0
2020-12-14,maryland,26.0
2020-12-14,massachusetts,99.0
2020-12-14,michigan,64.0
2020-12-14,minnesota,30.0
2020-12-14,missouri,32.0
2020-12-14,nebraska,9.0
2020-12-14,nevada,8.0
2020-12-14,new jersey,56.0
2020-12-14,new york,140.0
2020-12-14,north carolina,48.0
2020-12-14,ohio,45.0
2020-12-14,oklahoma,14.0
2020-12-14,oregon,22.0
2020-12-14,pennsylvania,68.0
2020-12-14,south carolina,19.0
2020-12-14,tennessee,30.0
2020-12-14,texas,194.0
2020-12-14,utah,33.0
2020-12-14,virginia,159.0
2020-12-14,washington,73.0
2020-12-14,wisconsin,23.0
2020-12-15,alabama,11.0
2020-12-15,arizona,30.0
2020-12-15,california,510.0
2020-12-15,colorado,35.0
2020-12-15,connecticut,28.0
2020-12-15,florida,112.0
2020-12-15,georgia,62.0
2020-12-15,illinois,95.0
2020-12-15,indiana,38.0
2020-12-15,iowa,13.0
2020-12-15,kansas,19.0
2020-12-15,kentucky,17.0
2020-12-15,louisiana,16.0
2020-12-15,maryland,30.0
2020-12-15,massachusetts,98.0
2020-12-15,michigan,73.0
2020-12-15,minnesota,17.0
2020-12-15,missouri,38.0
2020-12-15,nebraska,14.0
2020-12-15,nevada,18.0
2020-12-15,new jersey,78.0
2020-12-15,new york,192.0
2020-12-15,north carolina,58.0
2020-12-15,ohio,60.0
2020-12-15,oklahoma,15.0
2020-12-15,oregon,29.0
2020-12-15,pennsylvania,75.0
2020-12-15,south carolina,22.0
2020-12-15,tennessee,41.0
2020-12-15,texas,221.0
2020-12-15,utah,30.0
2020-12-15,virginia,191.0
2020-12-15,washington,86.0
2020-12-15,wisconsin,34.0
2020-12-16,alabama,17.0
2020-12-16,arizona,41.0
2020-12-16,california,556.0
2020-12-16,colorado,43.0
2020-12-16,connecticut,15.0
2020-12-16,florida,129.0
2020-12-16,georgia,56.0
2020-12-16,illinois,79.0
2020-12-16,indiana,38.0
2020-12-16,iowa,23.0
2020-12-16,kansas,17.0
2020-12-16,kentucky,19.0
2020-12-16,louisiana,18.0
2020-12-16,maryland,24.0
2020-12-16,massachusetts,107.0
2020-12-16,michigan,66.0
2020-12-16,minnesota,25.0
2020-12-16,missouri,31.0
2020-12-16,nebraska,13.0
2020-12-16,nevada,16.0
2020-12-16,new jersey,67.0
2020-12-16,new york,138.0
2020-12-16,north carolina,72.0
2020-12-16,ohio,50.0
2020-12-16,oklahoma,16.0
2020-12-16,oregon,19.0
2020-12-16,pennsylvania,65.0
2020-12-16,south carolina,22.0
2020-12-16,tennessee,38.0
2020-12-16,texas,184.0
2020-12-16,utah,15.0
2020-12-16,virginia,143.0
2020-12-16,washington,63.0
2020-12-16,wisconsin,39.0
2020-12-17,alabama,31.0
2020-12-17,arizona,37.0
2020-12-17,california,515.0
2020-12-17,colorado,29.0
2020-12-17,connecticut,26.0
2020-12-17,florida,98.0
2020-12-17,georgia,56.0
2020-12-17,illinois,92.0
2020-12-17,indiana,24.0
2020-12-17,iowa,18.0
2020-12-17,kansas,21.0
2020-12-17,kentucky,20.0
2020-12-17,louisiana,11.0
2020-12-17,maryland,40.0
2020-12-17,massachusetts,84.0
2020-12-17,michigan,62.0
2020-12-17,minnesota,38.0
2020-12-17,missouri,32.0
2020-12-17,nebraska,25.0
2020-12-17,nevada,17.0
2020-12-17,new jersey,74.0
2020-12-17,new york,159.0
2020-12-17,north carolina,45.0
2020-12-17,ohio,51.0
2020-12-17,oklahoma,9.0
2020-12-17,oregon,25.0
2020-12-17,pennsylvania,51.0
2020-12-17,south carolina,19.0
2020-12-17,tennessee,40.0
2020-12-17,texas,204.0
2020-12-17,utah,24.0
2020-12-17,virginia,149.0
2020-12-17,washington,55.0
2020-12-17,wisconsin,49.0
2020-12-18,alabama,16.0
2020-12-18,arizona,39.0
2020-12-18,california,420.0
2020-12-18,colorado,36.0
2020-12-18,connecticut,24.0
2020-12-18,florida,110.0
2020-12-18,georgia,69.0
2020-12-18,illinois,74.0
2020-12-18,indiana,22.0
2020-12-18,iowa,15.0
2020-12-18,kansas,23.0
2020-12-18,kentucky,15.0
2020-12-18,louisiana,9.0
2020-12-18,maryland,29.0
2020-12-18,massachusetts,74.0
2020-12-18,michigan,47.0
2020-12-18,minnesota,17.0
2020-12-18,missouri,27.0
2020-12-18,nebraska,11.0
2020-12-18,nevada,14.0
2020-12-18,new jersey,77.0
2020-12-18,new york,164.0
2020-12-18,north carolina,61.0
2020-12-18,ohio,41.0
2020-12-18,oklahoma,8.0
2020-12-18,oregon,18.0
2020-12-18,pennsylvania,62.0
2020-12-18,south carolina,24.0
2020-12-18,tennessee,40.0
2020-12-18,texas,164.0
2020-12-18,utah,21.0
2020-12-18,virginia,139.0
2020-12-18,washington,61.0
2020-12-18,wisconsin,28.0
2020-12-19,alabama,15.0
2020-12-19,arizona,15.0
2020-12-19,california,290.0
2020-12-19,colorado,18.0
2020-12-19,connecticut,13.0
2020-12-19,florida,69.0
2020-12-19,georgia,49.0
2020-12-19,illinois,71.0
2020-12-19,indiana,23.0
2020-12-19,iowa,13.0
2020-12-19,kansas,9.0
2020-12-19,kentucky,13.0
2020-12-19,louisiana,13.0
2020-12-19,maryland,15.0
2020-12-19,massachusetts,61.0
2020-12-19,michigan,40.0
2020-12-19,minnesota,22.0
2020-12-19,missouri,19.0
2020-12-19,nebraska,10.0
2020-12-19,nevada,11.0
2020-12-19,new jersey,45.0
2020-12-19,new york,121.0
2020-12-19,north carolina,42.0
2020-12-19,ohio,36.0
2020-12-19,oklahoma,7.0
2020-12-19,oregon,16.0
2020-12-19,pennsylvania,33.0
2020-12-19,south carolina,21.0
2020-12-19,tennessee,20.0
2020-12-19,texas,130.0
2020-12-19,utah,13.0
2020-12-19,virginia,99.0
2020-12-19,washington,35.0
2020-12-19,wisconsin,15.0
2020-12-20,alabama,9.0
2020-12-20,arizona,19.0
2020-12-20,california,317.0
2020-12-20,colorado,32.0
2020-12-20,connecticut,15.0
2020-12-20,florida,69.0
2020-12-20,georgia,50.0
2020-12-20,illinois,60.0
2020-12-20,indiana,20.0
2020-12-20,iowa,13.0
2020-12-20,kansas,18.0
2020-12-20,kentucky,12.0
2020-12-20,louisiana,12.0
2020-12-20,maryland,17.0
2020-12-20,massachusetts,60.0
2020-12-20,michigan,33.0
2020-12-20,minnesota,15.0
2020-12-20,missouri,14.0
2020-12-20,nebraska,10.0
2020-12-20,nevada,9.0
2020-12-20,new jersey,43.0
2020-12-20,new york,104.0
2020-12-20,north carolina,33.0
2020-12-20,ohio,30.0
2020-12-20,oklahoma,9.0
2020-12-20,oregon,17.0
2020-12-20,pennsylvania,43.0
2020-12-20,south carolina,14.0
2020-12-20,tennessee,19.0
2020-12-20,texas,108.0
2020-12-20,utah,15.0
2020-12-20,virginia,94.0
2020-12-20,washington,48.0
2020-12-20,wisconsin,21.0
2020-12-21,alabama,14.0
2020-12-21,arizona,22.0
2020-12-21,california,377.0
2020-12-21,colorado,27.0
2020-12-21,connecticut,22.0
2020-12-21,florida,74.0
2020-12-21,georgia,55.0
2020-12-21,illinois,64.0
2020-12-21,indiana,24.0
2020-12-21,iowa,7.0
2020-12-21,kansas,11.0
2020-12-21,kentucky,12.0
2020-12-21,louisiana,13.0
2020-12-21,maryland,24.0
2020-12-21,massachusetts,64.0
2020-12-21,michigan,52.0
2020-12-21,minnesota,20.0
2020-12-21,missouri,24.0
2020-12-21,nebraska,10.0
2020-12-21,nevada,7.0
2020-12-21,new jersey,50.0
2020-12-21,new york,125.0
2020-12-21,north carolina,40.0
2020-12-21,ohio,55.0
2020-12-21,oklahoma,16.0
2020-12-21,oregon,18.0
2020-12-21,pennsylvania,49.0
2020-12-21,south carolina,18.0
2020-12-21,tennessee,22.0
2020-12-21,texas,138.0
2020-12-21,utah,19.0
2020-12-21,virginia,93.0
2020-12-21,washington,45.0
2020-12-21,wisconsin,26.0
2020-12-22,alabama,21.0
2020-12-22,arizona,26.0
2020-12-22,california,368.0
2020-12-22,colorado,37.0
2020-12-22,connecticut,13.0
2020-12-22,florida,90.0
2020-12-22,georgia,45.0
2020-12-22,illinois,57.0
2020-12-22,indiana,12.0
2020-12-22,iowa,9.0
2020-12-22,kansas,9.0
2020-12-22,kentucky,12.0
2020-12-22,louisiana,11.0
2020-12-22,maryland,23.0
2020-12-22,massachusetts,55.0
2020-12-22,michigan,47.0
2020-12-22,minnesota,23.0
2020-12-22,missouri,26.0
2020-12-22,nebraska,5.0
2020-12-22,nevada,18.0
2020-12-22,new jersey,42.0
2020-12-22,new york,146.0
2020-12-22,north carolina,44.0
2020-12-22,ohio,46.0
2020-12-22,oklahoma,11.0
2020-12-22,oregon,23.0
2020-12-22,pennsylvania,48.0
2020-12-22,south carolina,13.0
2020-12-22,tennessee,24.0
2020-12-22,texas,143.0
2020-12-22,utah,12.0
2020-12-22,virginia,110.0
2020-12-22,washington,42.0
2020-12-22,wisconsin,24.0
2020-12-23,alabama,7.0
2020-12-23,arizona,16.0
2020-12-23,california,288.0
2020-12-23,colorado,22.0
2020-12-23,connecticut,8.0
2020-12-23,florida,73.0
2020-12-23,georgia,59.0
2020-12-23,illinois,57.0
2020-12-23,indiana,13.0
2020-12-23,iowa,11.0
2020-12-23,kansas,7.0
2020-12-23,kentucky,10.0
2020-12-23,louisiana,7.0
2020-12-23,maryland,27.0
2020-12-23,massachusetts,56.0
2020-12-23,michigan,42.0
2020-12-23,minnesota,18.0
2020-12-23,missouri,21.0
2020-12-23,nebraska,7.0
2020-12-23,nevada,12.0
2020-12-23,new jersey,44.0
2020-12-23,new york,119.0
2020-12-23,north carolina,48.0
2020-12-23,ohio,43.0
2020-12-23,oklahoma,7.0
2020-12-23,oregon,19.0
2020-12-23,pennsylvania,29.0
2020-12-23,south carolina,15.0
2020-12-23,tennessee,24.0
2020-12-23,texas,118.0
2020-12-23,utah,16.0
2020-12-23,virginia,103.0
2020-12-23,washington,47.0
2020-12-23,wisconsin,19.0
2020-12-24,alabama,9.0
2020-12-24,arizona,15.0
2020-12-24,california,283.0
2020-12-24,colorado,19.0
2020-12-24,connecticut,9.0
2020-12-24,florida,57.0
2020-12-24,georgia,32.0
2020-12-24,illinois,55.0
2020-12-24,indiana,15.0
2020-12-24,iowa,4.0
2020-12-24,kansas,13.0
2020-12-24,kentucky,12.0
2020-12-24,louisiana,6.0
2020-12-24,maryland,23.0
2020-12-24,massachusetts,42.0
2020-12-24,michigan,22.0
2020-12-24,minnesota,16.0
2020-12-24,missouri,20.0
2020-12-24,nebraska,3.0
2020-12-24,nevada,3.0
2020-12-24,new jersey,41.0
2020-12-24,new york,86.0
2020-12-24,north carolina,27.0
2020-12-24,ohio,36.0
2020-12-24,oklahoma,11.0
2020-12-24,oregon,23.0
2020-12-24,pennsylvania,33.0
2020-12-24,south carolina,7.0
2020-12-24,tennessee,18.0
2020-12-24,texas,93.0
2020-12-24,utah,13.0
2020-12-24,virginia,73.0
2020-12-24,washington,35.0
2020-12-24,wisconsin,15.0
2020-12-25,alabama,9.0
2020-12-25,arizona,23.0
2020-12-25,california,250.0
2020-12-25,colorado,13.0
2020-12-25,connecticut,12.0
2020-12-25,florida,54.0
2020-12-25,georgia,29.0
2020-12-25,illinois,53.0
2020-12-25,indiana,14.0
2020-12-25,iowa,5.0
2020-12-25,kansas,6.0
2020-12-25,kentucky,5.0
2020-12-25,louisiana,13.0
2020-12-25,maryland,23.0
2020-12-25,massachusetts,49.0
2020-12-25,michigan,34.0
2020-12-25,minnesota,14.0
2020-12-25,missouri,13.0
2020-12-25,nebraska,9.0
2020-12-25,nevada,4.0
2020-12-25,new jersey,38.0
2020-12-25,new york,71.0
2020-12-25,north carolina,34.0
2020-12-25,ohio,32.0
2020-12-25,oklahoma,11.0
2020-12-25,oregon,10.0
2020-12-25,pennsylvania,30.0
2020-12-25,south carolina,13.0
2020-12-25,tennessee,17.0
2020-12-25,texas,77.0
2020-12-25,utah,11.0
2020-12-25,virginia,97.0
2020-12-25,washington,31.0
2020-12-25,wisconsin,17.0
2020-12-26,alabama,15.0
2020-12-26,arizona,14.0
2020-12-26,california,230.0
2020-12-26,colorado,20.0
2020-12-26,connecticut,11.0
2020-12-26,florida,38.0
2020-12-26,georgia,40.0
2020-12-26,illinois,39.0
2020-12-26,indiana,14.0
2020-12-26,iowa,8.0
2020-12-26,kansas,10.0
2020-12-26,kentucky,7.0
2020-12-26,louisiana,11.0
2020-12-26,maryland,16.0
2020-12-26,massachusetts,38.0
2020-12-26,michigan,23.0
2020-12-26,minnesota,16.0
2020-12-26,missouri,14.0
2020-12-26,nebraska,6.0
2020-12-26,nevada,7.0
2020-12-26,new jersey,41.0
2020-12-26,new york,73.0
2020-12-26,north carolina,26.0
2020-12-26,ohio,42.0
2020-12-26,oklahoma,11.0
2020-12-26,oregon,12.0
2020-12-26,pennsylvania,37.0
2020-12-26,south carolina,10.0
2020-12-26,tennessee,18.0
2020-12-26,texas,82.0
2020-12-26,utah,10.0
2020-12-26,virginia,67.0
2020-12-26,washington,30.0
2020-12-26,wisconsin,20.0
2020-12-27,alabama,10.0
2020-12-27,arizona,15.0
2020-12-27,california,251.0
2020-12-27,colorado,17.0
2020-12-27,connecticut,11.0
2020-12-27,florida,53.0
2020-12-27,georgia,41.0
2020-12-27,illinois,45.0
2020-12-27,indiana,16.0
2020-12-27,iowa,8.0
2020-12-27,kansas,19.0
2020-12-27,kentucky,4.0
2020-12-27,louisiana,10.0
2020-12-27,maryland,21.0
2020-12-27,massachusetts,43.0
2020-12-27,michigan,29.0
2020-12-27,minnesota,15.0
2020-12-27,missouri,12.0
2020-12-27,nebraska,11.0
2020-12-27,nevada,12.0
2020-12-27,new jersey,34.0
2020-12-27,new york,88.0
2020-12-27,north carolina,30.0
2020-12-27,ohio,26.0
2020-12-27,oklahoma,8.0
2020-12-27,oregon,20.0
2020-12-27,pennsylvania,36.0
2020-12-27,south carolina,14.0
2020-12-27,tennessee,19.0
2020-12-27,texas,80.0
2020-12-27,utah,12.0
2020-12-27,virginia,84.0
2020-12-27,washington,39.0
2020-12-27,wisconsin,16.0
2020-12-28,alabama,27.0
2020-12-28,arizona,13.0
2020-12-28,california,323.0
2020-12-28,colorado,34.0
2020-12-28,connecticut,22.0
2020-12-28,florida,53.0
2020-12-28,georgia,39.0
2020-12-28,illinois,56.0
2020-12-28,indiana,9.0
2020-12-28,iowa,13.0
2020-12-28,kansas,8.0
2020-12-28,kentucky,16.0
2020-12-28,louisiana,13.0
2020-12-28,maryland,18.0
2020-12-28,massachusetts,46.0
2020-12-28,michigan,29.0
2020-12-28,minnesota,14.0
2020-12-28,missouri,22.0
2020-12-28,nebraska,8.0
2020-12-28,nevada,1.0
2020-12-28,new jersey,40.0
2020-12-28,new york,100.0
2020-12-28,north carolina,38.0
2020-12-28,ohio,47.0
2020-12-28,oklahoma,10.0
2020-12-28,oregon,19.0
2020-12-28,pennsylvania,52.0
2020-12-28,south carolina,10.0
2020-12-28,tennessee,23.0
2020-12-28,texas,103.0
2020-12-28,utah,8.0
2020-12-28,virginia,101.0
2020-12-28,washington,39.0
2020-12-28,wisconsin,19.0
2020-12-29,alabama,14.0
2020-12-29,arizona,15.0
2020-12-29,california,323.0
2020-12-29,colorado,28.0
2020-12-29,connecticut,15.0
2020-12-29,florida,66.0
2020-12-29,georgia,49.0
2020-12-29,illinois,46.0
2020-12-29,indiana,15.0
2020-12-29,iowa,13.0
2020-12-29,kansas,8.0
2020-12-29,kentucky,11.0
2020-12-29,louisiana,6.0
2020-12-29,maryland,21.0
2020-12-29,massachusetts,46.0
2020-12-29,michigan,33.0
2020-12-29,minnesota,18.0
2020-12-29,missouri,20.0
2020-12-29,nebraska,3.0
2020-12-29,nevada,9.0
2020-12-29,new jersey,50.0
2020-12-29,new york,99.0
2020-12-29,north carolina,39.0
2020-12-29,ohio,46.0
2020-12-29,oklahoma,4.0
2020-12-29,oregon,16.0
2020-12-29,pennsylvania,44.0
2020-12-29,south carolina,22.0
2020-12-29,tennessee,23.0
2020-12-29,texas,119.0
2020-12-29,utah,13.0
2020-12-29,virginia,90.0
2020-12-29,washington,48.0
2020-12-29,wisconsin,26.0
2020-12-30,alabama,11.0
2020-12-30,arizona,22.0
2020-12-30,california,324.0
2020-12-30,colorado,19.0
2020-12-30,connecticut,15.0
2020-12-30,florida,82.0
2020-12-30,georgia,39.0
2020-12-30,illinois,57.0
2020-12-30,indiana,14.0
2020-12-30,iowa,11.0
2020-12-30,kansas,16.0
2020-12-30,kentucky,11.0
2020-12-30,louisiana,9.0
2020-12-30,maryland,20.0
2020-12-30,massachusetts,53.0
2020-12-30,michigan,25.0
2020-12-30,minnesota,25.0
2020-12-30,missouri,15.0
2020-12-30,nebraska,7.0
2020-12-30,nevada,8.0
2020-12-30,new jersey,33.0
2020-12-30,new york,114.0
2020-12-30,north carolina,43.0
2020-12-30,ohio,29.0
2020-12-30,oklahoma,13.0
2020-12-30,oregon,17.0
2020-12-30,pennsylvania,34.0
2020-12-30,south carolina,9.0
2020-12-30,tennessee,20.0
2020-12-30,texas,88.0
2020-12-30,utah,18.0
2020-12-30,virginia,95.0
2020-12-30,washington,34.0
2020-12-30,wisconsin,14.0
2020-12-31,alabama,11.0
2020-12-31,arizona,21.0
2020-12-31,california,236.0
2020-12-31,colorado,15.0
2020-12-31,connecticut,9.0
2020-12-31,florida,44.0
2020-12-31,georgia,30.0
2020-12-31,illinois,36.0
2020-12-31,indiana,21.0
2020-12-31,iowa,11.0
2020-12-31,kansas,14.0
2020-12-31,kentucky,7.0
2020-12-31,louisiana,18.0
2020-12-31,maryland,14.0
2020-12-31,massachusetts,64.0
2020-12-31,michigan,26.0
2020-12-31,minnesota,8.0
2020-12-31,missouri,18.0
2020-12-31,nebraska,2.0
2020-12-31,nevada,5.0
2020-12-31,new jersey,47.0
2020-12-31,new york,73.0
2020-12-31,north carolina,28.0
2020-12-31,ohio,24.0
2020-12-31,oklahoma,9.0
2020-12-31,oregon,13.0
2020-12-31,pennsylvania,36.0
2020-12-31,south carolina,10.0
2020-12-31,tennessee,10.0
2020-12-31,texas,85.0
2020-12-31,utah,10.0
2020-12-31,virginia,75.0
2020-12-31,washington,44.0
2020-12-31,wisconsin,22.0
2021-01-01,alabama,13.0
2021-01-01,arizona,16.0
2021-01-01,california,225.0
2021-01-01,colorado,13.0
2021-01-01,connecticut,6.0
2021-01-01,florida,58.0
2021-01-01,georgia,25.0
2021-01-01,illinois,46.0
2021-01-01,indiana,9.0
2021-01-01,iowa,5.0
2021-01-01,kansas,5.0
2021-01-01,kentucky,3.0
2021-01-01,louisiana,4.0
2021-01-01,maryland,16.0
2021-01-01,massachusetts,40.0
2021-01-01,michigan,17.0
2021-01-01,minnesota,10.0
2021-01-01,missouri,19.0
2021-01-01,nebraska,4.0
2021-01-01,nevada,7.0
2021-01-01,new jersey,33.0
2021-01-01,new york,77.0
2021-01-01,north carolina,26.0
2021-01-01,ohio,15.0
2021-01-01,oklahoma,11.0
2021-01-01,oregon,9.0
2021-01-01,pennsylvania,35.0
2021-01-01,south carolina,7.0
2021-01-01,tennessee,15.0
2021-01-01,texas,71.0
2021-01-01,utah,5.0
2021-01-01,virginia,69.0
2021-01-01,washington,19.0
2021-01-01,wisconsin,20.0
2021-01-02,alabama,12.0
2021-01-02,arizona,14.0
2021-01-02,california,239.0
2021-01-02,colorado,19.0
2021-01-02,connecticut,17.0
2021-01-02,florida,53.0
2021-01-02,georgia,44.0
2021-01-02,illinois,51.0
2021-01-02,indiana,24.0
2021-01-02,iowa,8.0
2021-01-02,kansas,14.0
2021-01-02,kentucky,13.0
2021-01-02,louisiana,7.0
2021-01-02,maryland,18.0
2021-01-02,massachusetts,49.0
2021-01-02,michigan,24.0
2021-01-02,minnesota,11.0
2021-01-02,missouri,18.0
2021-01-02,nebraska,2.0
2021-01-02,nevada,4.0
2021-01-02,new jersey,36.0
2021-01-02,new york,86.0
2021-01-02,north carolina,24.0
2021-01-02,ohio,30.0
2021-01-02,oklahoma,9.0
2021-01-02,oregon,16.0
2021-01-02,pennsylvania,34.0
2021-01-02,south carolina,14.0
2021-01-02,tennessee,10.0
2021-01-02,texas,80.0
2021-01-02,utah,8.0
2021-01-02,virginia,76.0
2021-01-02,washington,27.0
2021-01-02,wisconsin,20.0
2021-01-03,alabama,9.0
2021-01-03,arizona,17.0
2021-01-03,california,247.0
2021-01-03,colorado,19.0
2021-01-03,connecticut,11.0
2021-01-03,florida,56.0
2021-01-03,georgia,32.0
2021-01-03,illinois,47.0
2021-01-03,indiana,12.0
2021-01-03,iowa,12.0
2021-01-03,kansas,13.0
2021-01-03,kentucky,7.0
2021-01-03,louisiana,8.0
2021-01-03,maryland,19.0
2021-01-03,massachusetts,50.0
2021-01-03,michigan,29.0
2021-01-03,minnesota,10.0
2021-01-03,missouri,12.0
2021-01-03,nebraska,4.0
2021-01-03,nevada,13.0
2021-01-03,new jersey,26.0
2021-01-03,new york,59.0
2021-01-03,north carolina,34.0
2021-01-03,ohio,15.0
2021-01-03,oklahoma,9.0
2021-01-03,oregon,13.0
2021-01-03,pennsylvania,42.0
2021-01-03,south carolina,15.0
2021-01-03,tennessee,19.0
2021-01-03,texas,77.0
2021-01-03,utah,15.0
2021-01-03,virginia,82.0
2021-01-03,washington,33.0
2021-01-03,wisconsin,20.0
